Type,Name,Request Count,Failure Count,Median Response Time,Average Response Time,Min Response Time,Max Response Time,Average Content Size,Requests/s,Failures/s,50%,66%,75%,80%,90%,95%,98%,99%,99.9%,99.99%,100%
GET,/healthz,6,0,110,124.64184034615755,99.69970904057845,188.37637500837445,15.0,0.1252930917214627,0.0,110,110,140,140,190,190,190,190,190,190,190
GET,/readyz,7,0,390,455.0723215714762,366.47358298068866,794.0675420104526,37.0,0.14617527367503982,0.0,390,400,480,480,790,790,790,790,790,790,790
GET,/signal/{id},23,0,4100,4164.959572435296,3916.4539580233395,4733.802874980029,13234.304347826086,0.48029018493227366,0.0,4100,4300,4300,4300,4500,4500,4700,4700,4700,4700,4700
GET,/signals/report,13,0,4000,4135.623381459692,3883.9657499920577,4490.900667035021,24110.0,0.2714683653965025,0.0,4000,4200,4300,4400,4400,4500,4500,4500,4500,4500,4500
GET,/sitemap.xml,14,0,190,194.8827827831597,113.37520799133927,310.6469999765977,50670.0,0.29235054735007965,0.0,200,260,260,260,290,310,310,310,310,310,310
GET,/ticker/{symbol},56,0,4300,4387.356767858104,4158.0369169823825,4918.875250034034,10383.535714285714,1.1694021894003186,0.0,4300,4400,4400,4500,4700,4800,4800,4900,4900,4900,4900
GET,[st] /,151,0,110,117.74614703146099,92.78016700409353,320.33108302857727,6602.0,3.1532094749901445,0.0,110,110,120,120,140,170,250,290,320,320,320
GET,[st] /_stcore/health,100,0,110,121.66728666226845,91.38283395441249,340.8662920119241,2.0,2.0882181953577117,0.0,110,120,120,120,150,200,310,340,340,340,340
,Aggregated,370,0,120,1167.181800662326,91.38283395441249,4918.875250034034,7854.4,7.726407322823533,0.0,120,170,790,4100,4300,4400,4600,4800,4900,4900,4900
