Type,Name,Request Count,Failure Count,Median Response Time,Average Response Time,Min Response Time,Max Response Time,Average Content Size,Requests/s,Failures/s,50%,66%,75%,80%,90%,95%,98%,99%,99.9%,99.99%,100%
GET,/readyz,5,0,380,397.2378164064139,372.74091702420264,454.63141601067036,37.0,0.10565014033850703,0.0,380,400,400,450,450,450,450,450,450,450,450
GET,/signal/{id},9,0,4100.171833008062,4168.668782332033,4100.171833008062,4306.78312497912,13303.222222222223,0.19017025260931264,0.0,4100,4200,4200,4200,4300,4300,4300,4300,4300,4300,4300
GET,/signals/report,4,0,4300,4338.792937240214,4175.7165000308305,4589.1579579911195,24110.0,0.08452011227080562,0.0,4300,4300,4600,4600,4600,4600,4600,4600,4600,4600,4600
GET,/sitemap.xml,2,0,250,345.40870852652006,246.5357500477694,444.2816670052707,50670.0,0.04226005613540281,0.0,440,440,440,440,440,440,440,440,440,440,440
GET,/ticker/{symbol},22,0,4500,4465.394270873565,4287.259916018229,4638.657749979757,10531.545454545454,0.4648606174894309,0.0,4500,4500,4600,4600,4600,4600,4600,4600,4600,4600,4600
GET,[st] /,50,0,120,123.36348419543356,95.22258397191763,269.34408297529444,6602.0,1.0565014033850704,0.0,120,120,120,130,150,190,270,270,270,270,270
GET,[st] /_stcore/health,57,0,110,119.26102708910771,94.2058339715004,251.01845798781142,2.0,1.2044115998589802,0.0,110,120,120,120,140,180,190,250,250,250,250
,Aggregated,149,0,120,1132.5833825644531,94.2058339715004,4638.657749979757,5903.3691275167785,3.1483741820875095,0.0,120,160,400,4200,4500,4600,4600,4600,4600,4600,4600
